element_type,osmid,amenity,brand,brand:wikidata,brand:wikipedia,name,name:kn,short_name,addr:city,addr:housenumber,addr:postcode,phone,tourism,addr:street,cuisine,takeaway,operator,shop,wheelchair,atm,brand:en,brand:hi,brand:kn,brand:pa,brand:pnb,brand:ur,brand:wikipedia:pa,name:en,name:hi,name:pa,name:pnb,name:ur,website,addr:place,isced:level,school,dispensing,healthcare,official_name,check_date,fee,operator:wikidata,addr:housename,addr:district,addr:full,addr:state,addr:subdistrict,emergency,operator:type,source,designation,female,male,diet:vegetarian,alt_name,alt_name:en,alt_name:hi,alt_name:pa,alt_name:pnb,alt_name:ur,brand:wikipedia:ur,payment:cash,payment:mastercard,payment:visa,access,parking,capacity,opening_hours,internet_access,smoking,craft,level,contact:phone,contact:website,drive_in,organic,cash_in,currency:INR,drive_through,indoor_seating,outdoor_seating,description,addr:suburb,delivery,toilets,toilets:access,name:zh,branch,internet_access:fee,rooms,addr:floor,addr:block,diet:vegan,addr:country,contact:facebook,contact:instagram,start_date,email,full_name,healthcare:speciality,addr:hamlet,diet:halal,diet:meat,diet:non-vegetarian,highchair,payment:credit_cards,payment:debit_cards,toilets:wheelchair,air_conditioning,clothes,payment:contactless,second_hand,place,postal_code,wholesale,leisure,nodes,building,bus,public_transport,brand:ks,name:ks,building:levels,dog,pets,compressed_air,fuel:diesel,fuel:lpg,fuel:petrol,fuel:cng,fixme,not:brand:wikidata,ways,type,category,latitude,longitude
node,1464896674,fuel,Hindustan Petroleum,Q1619375,nan,HP Petrol Pump,nan,nan,nan,nan,nan,nan,nan,nan,nan,nan,nan,nan,nan,nan,nan,nan,nan,nan,nan,nan,nan,nan,nan,nan,nan,nan,nan,nan,nan,nan,nan,nan,Hindustan Petroleum,nan,nan,nan,nan,nan,nan,nan,nan,nan,nan,nan,nan,nan,nan,nan,nan,nan,nan,nan,nan,nan,nan,nan,nan,nan,nan,nan,nan,nan,nan,nan,nan,nan,nan,nan,nan,nan,nan,nan,nan,nan,nan,nan,nan,nan,nan,nan,nan,nan,nan,nan,nan,nan,nan,nan,nan,nan,nan,nan,nan,nan,nan,nan,nan,nan,nan,nan,nan,nan,nan,nan,nan,nan,nan,nan,nan,nan,nan,nan,nan,nan,nan,nan,nan,nan,nan,nan,nan,nan,nan,nan,nan,nan,nan,nan,transport,12.933506,77.6303939
node,2449073372,parking,nan,nan,nan,nan,nan,nan,nan,nan,nan,nan,nan,nan,nan,nan,nan,nan,nan,nan,nan,nan,nan,nan,nan,nan,nan,nan,nan,nan,nan,nan,nan,nan,nan,nan,nan,nan,nan,nan,yes,nan,nan,nan,nan,nan,nan,nan,nan,nan,nan,nan,nan,nan,nan,nan,nan,nan,nan,nan,nan,nan,nan,nan,customers,multi-storey,nan,nan,nan,nan,nan,nan,nan,nan,nan,nan,nan,nan,nan,nan,nan,nan,nan,nan,nan,nan,nan,nan,nan,nan,nan,nan,nan,nan,nan,nan,nan,nan,nan,nan,nan,nan,nan,nan,nan,nan,nan,nan,nan,nan,nan,nan,nan,nan,nan,nan,nan,nan,nan,nan,nan,nan,nan,nan,nan,nan,nan,nan,nan,nan,nan,nan,nan,nan,transport,12.9374015,77.6283868
node,11684016163,fuel,nan,nan,nan,Gail Gas,nan,nan,nan,nan,nan,nan,nan,nan,nan,nan,nan,nan,nan,nan,nan,nan,nan,nan,nan,nan,nan,nan,nan,nan,nan,nan,nan,nan,nan,nan,nan,nan,nan,2024-03-02,nan,nan,nan,nan,nan,nan,nan,nan,nan,nan,nan,nan,nan,nan,nan,nan,nan,nan,nan,nan,nan,nan,nan,nan,nan,nan,nan,nan,nan,nan,nan,nan,nan,nan,nan,nan,nan,nan,nan,nan,nan,nan,nan,nan,nan,nan,nan,nan,nan,nan,nan,nan,nan,nan,nan,nan,nan,nan,nan,nan,nan,nan,nan,nan,nan,nan,nan,nan,nan,nan,nan,nan,nan,nan,nan,nan,nan,nan,nan,nan,nan,nan,nan,nan,nan,nan,nan,nan,nan,nan,nan,nan,nan,nan,transport,12.9252665,77.6341144
way,122415848,bus_station,nan,nan,nan,Koramangala TTMC,ಕೋರಮಂಗಲ,nan,nan,nan,nan,nan,nan,nan,nan,nan,BMTC,nan,nan,nan,nan,nan,nan,nan,nan,nan,nan,nan,nan,nan,nan,nan,nan,nan,nan,nan,nan,nan,nan,nan,nan,nan,nan,nan,nan,nan,nan,nan,nan,nan,nan,nan,nan,nan,nan,nan,nan,nan,nan,nan,nan,nan,nan,nan,nan,nan,nan,nan,nan,nan,nan,nan,nan,nan,nan,nan,nan,nan,nan,nan,nan,nan,nan,nan,nan,nan,nan,nan,nan,nan,nan,nan,nan,nan,nan,nan,nan,nan,nan,nan,nan,nan,nan,nan,nan,nan,nan,nan,nan,nan,nan,nan,nan,nan,nan,nan,"[ 3969066508, 1368030144, 10797060722, 1368030129, 7262972980, 3740957814, 443224617, 3969066509, 3969066508 ]",nan,yes,station,nan,nan,nan,nan,nan,nan,nan,nan,nan,nan,nan,nan,nan,nan,transport,12.94089903320367,77.62502376839142
way,164210884,parking,nan,nan,nan,nan,nan,nan,nan,nan,nan,nan,nan,nan,nan,nan,nan,nan,nan,nan,nan,nan,nan,nan,nan,nan,nan,nan,nan,nan,nan,nan,nan,nan,nan,nan,nan,nan,nan,nan,nan,nan,nan,nan,nan,nan,nan,nan,nan,nan,nan,nan,nan,nan,nan,nan,nan,nan,nan,nan,nan,nan,nan,nan,nan,nan,nan,nan,nan,nan,nan,nan,nan,nan,nan,nan,nan,nan,nan,nan,nan,nan,nan,nan,nan,nan,nan,nan,nan,nan,nan,nan,nan,nan,nan,nan,nan,nan,nan,nan,nan,nan,nan,nan,nan,nan,nan,nan,nan,nan,nan,nan,nan,nan,nan,nan,"[ 1758627917, 1758627909, 1758627913, 1758627923, 1758627917 ]",nan,nan,nan,nan,nan,nan,nan,nan,nan,nan,nan,nan,nan,nan,nan,nan,nan,transport,12.9271608,77.6325899
way,370388046,fuel,Indian Oil,Q1289348,nan,Kaveri Petrol,nan,nan,nan,nan,nan,nan,nan,nan,nan,nan,nan,nan,nan,nan,nan,nan,nan,nan,nan,nan,nan,nan,nan,nan,nan,nan,nan,nan,nan,nan,nan,nan,nan,nan,nan,nan,nan,nan,nan,nan,nan,nan,nan,nan,nan,nan,nan,nan,nan,nan,nan,nan,nan,nan,nan,nan,nan,nan,nan,nan,nan,nan,nan,nan,nan,nan,nan,nan,nan,nan,nan,nan,nan,nan,nan,nan,nan,nan,nan,nan,nan,nan,nan,nan,nan,nan,nan,nan,nan,nan,nan,nan,nan,nan,nan,nan,nan,nan,nan,nan,nan,nan,nan,nan,nan,nan,nan,nan,nan,nan,"[ 3740940829, 3740940827, 3740940828, 3740940833, 3740940829 ]",nan,nan,nan,nan,nan,nan,nan,nan,yes,yes,yes,yes,nan,nan,nan,nan,nan,transport,12.945440935943457,77.61866558583151
way,613469815,fuel,Indian Oil,Q1289348,en:Indian Oil Corporation,Indian Oil,ಇಂಡಿಯನ್ ಆಯಿಲ್,nan,nan,nan,nan,nan,nan,nan,nan,nan,nan,nan,nan,nan,nan,nan,nan,nan,nan,nan,nan,nan,nan,nan,nan,nan,nan,nan,nan,nan,nan,nan,nan,nan,nan,nan,nan,nan,nan,nan,nan,nan,nan,nan,nan,nan,nan,nan,nan,nan,nan,nan,nan,nan,nan,nan,nan,nan,nan,nan,nan,nan,nan,nan,nan,nan,nan,nan,nan,nan,nan,nan,nan,nan,nan,nan,nan,nan,nan,nan,nan,nan,nan,nan,nan,nan,nan,nan,nan,nan,nan,nan,nan,nan,nan,nan,nan,nan,nan,nan,nan,nan,nan,nan,nan,nan,nan,nan,nan,nan,"[ 363192526, 5804526265, 5804526267, 5804526268, 363192526 ]",nan,nan,nan,nan,nan,nan,nan,nan,nan,yes,nan,yes,nan,nan,nan,nan,nan,transport,12.939510381814364,77.62535382727224
way,621061139,parking,nan,nan,nan,nan,nan,nan,nan,nan,nan,nan,nan,nan,nan,nan,nan,nan,nan,nan,nan,nan,nan,nan,nan,nan,nan,nan,nan,nan,nan,nan,nan,nan,nan,nan,nan,nan,nan,nan,nan,nan,nan,nan,nan,nan,nan,nan,nan,nan,nan,nan,nan,nan,nan,nan,nan,nan,nan,nan,nan,nan,nan,nan,nan,nan,nan,nan,nan,nan,nan,nan,nan,nan,nan,nan,nan,nan,nan,nan,nan,nan,nan,nan,nan,nan,nan,nan,nan,nan,nan,nan,nan,nan,nan,nan,nan,nan,nan,nan,nan,nan,nan,nan,nan,nan,nan,nan,nan,nan,nan,nan,nan,nan,nan,nan,"[ 5867148307, 5867148308, 5867148309, 5867148310, 5867148307 ]",nan,nan,nan,nan,nan,nan,nan,nan,nan,nan,nan,nan,nan,nan,nan,nan,nan,transport,12.938334898768883,77.62653739806333
way,635317788,fuel,Indian Oil,Q1289348,en:Indian Oil Corporation,Indian Oil,ಇಂಡಿಯನ್ ಆಯಿಲ್,nan,nan,nan,nan,nan,nan,nan,nan,nan,nan,nan,nan,nan,nan,nan,nan,nan,nan,nan,nan,nan,nan,nan,nan,nan,nan,nan,nan,nan,nan,nan,nan,nan,nan,nan,nan,nan,nan,nan,nan,nan,nan,nan,nan,nan,nan,nan,nan,nan,nan,nan,nan,nan,nan,nan,nan,nan,nan,nan,nan,nan,nan,nan,nan,nan,nan,nan,nan,nan,nan,nan,nan,nan,nan,nan,nan,nan,nan,nan,nan,nan,nan,nan,nan,nan,nan,nan,nan,nan,nan,nan,nan,nan,nan,nan,nan,nan,nan,nan,nan,nan,nan,nan,nan,nan,nan,nan,nan,nan,"[ 3740940829, 5993280660, 5993280661, 3740940827, 3740940829 ]",nan,nan,nan,nan,nan,nan,nan,nan,yes,nan,nan,nan,yes,nan,nan,nan,nan,transport,12.945240603937952,77.61901230380609
way,755391108,fuel,Shell,Q110716465,en:Royal Dutch Shell,Shell,ಶೆಲ್,nan,nan,nan,nan,nan,nan,nan,nan,nan,nan,nan,nan,nan,nan,nan,nan,nan,nan,nan,nan,nan,nan,nan,nan,nan,nan,nan,nan,nan,nan,nan,nan,nan,nan,nan,nan,nan,nan,nan,nan,nan,nan,nan,nan,nan,nan,nan,nan,nan,nan,nan,nan,nan,nan,nan,nan,nan,nan,nan,nan,nan,nan,nan,nan,nan,nan,nan,nan,nan,nan,nan,nan,nan,nan,nan,nan,nan,nan,nan,nan,nan,nan,nan,nan,nan,nan,nan,nan,nan,nan,nan,nan,nan,nan,nan,nan,nan,nan,nan,nan,nan,nan,nan,nan,nan,nan,nan,nan,nan,"[ 7056126647, 7056126648, 7056126649, 7056126650, 7056126647 ]",nan,nan,nan,nan,nan,nan,nan,nan,yes,nan,nan,nan,nan,nan,nan,nan,nan,transport,12.925358758881883,77.6376478707665
way,1242263790,fuel,nan,nan,nan,nan,nan,nan,nan,165,nan,nan,nan,nan,nan,nan,nan,nan,nan,nan,nan,nan,nan,nan,nan,nan,nan,nan,nan,nan,nan,nan,nan,nan,nan,nan,nan,nan,nan,nan,nan,nan,nan,nan,nan,nan,nan,nan,nan,GEPTIS,nan,nan,nan,nan,nan,nan,nan,nan,nan,nan,nan,nan,nan,nan,nan,nan,nan,nan,nan,nan,nan,nan,nan,nan,nan,nan,nan,nan,nan,nan,nan,nan,nan,nan,nan,nan,nan,nan,nan,nan,nan,nan,nan,nan,nan,nan,nan,nan,nan,nan,nan,nan,nan,nan,nan,nan,nan,nan,nan,nan,nan,nan,nan,nan,nan,nan,"[ 11543569687, 11543569686, 11543569685, 11543569684, 11543569687 ]",nan,nan,nan,nan,nan,nan,nan,nan,nan,nan,nan,nan,nan,nan,nan,nan,nan,transport,12.925280600000002,77.63412160000001
